position_group,method,n,MAE,RMSE,Pearson,Spearman,R2
ATT,variant_A,1825,3.522,4.553,0.382,0.362,0.113
ATT,last5,1825,3.749,4.844,0.283,0.251,-0.003
ATT,season_to_date,1825,3.658,4.753,0.289,0.302,0.034
ATT,career_to_date,1825,3.547,4.571,0.363,0.359,0.106
DEF,variant_A,3907,4.692,5.977,0.584,0.552,0.339
DEF,last5,3907,4.994,6.373,0.501,0.479,0.249
DEF,season_to_date,3907,4.91,6.293,0.524,0.508,0.268
DEF,career_to_date,3907,4.801,6.154,0.565,0.547,0.3
GK,variant_A,733,3.502,4.425,0.208,0.181,-0.068
GK,last5,733,3.581,4.478,0.137,0.116,-0.093
GK,season_to_date,733,3.674,4.604,0.118,0.127,-0.156
GK,career_to_date,733,3.479,4.361,0.165,0.186,-0.037
MID,variant_A,4888,4.236,5.489,0.662,0.56,0.436
MID,last5,4888,4.403,5.846,0.612,0.532,0.36
MID,season_to_date,4888,4.366,5.781,0.619,0.542,0.374
MID,career_to_date,4888,4.418,5.87,0.615,0.543,0.355
