horizon,method,n,MAE,RMSE,Pearson,Spearman,R2
1,last1,12718,6.869,9.141,0.27,0.225,0.071
1,last3,12718,6.674,8.861,0.359,0.309,0.128
1,last5,12718,6.584,8.741,0.391,0.338,0.151
1,season_to_date,12718,6.566,8.701,0.4,0.353,0.159
1,career_to_date,12718,6.518,8.68,0.413,0.366,0.163
1,variant_A,12718,6.473,8.531,0.439,0.375,0.191
1,variant_B,12718,6.509,8.577,0.43,0.362,0.182
1,variant_C,12718,6.512,8.578,0.43,0.365,0.182
2,last1,12023,5.447,7.197,0.333,0.29,0.11
2,last3,12023,5.192,6.832,0.447,0.395,0.198
2,last5,12023,5.083,6.668,0.489,0.43,0.236
2,season_to_date,12023,5.035,6.616,0.5,0.451,0.248
2,career_to_date,12023,4.998,6.58,0.518,0.468,0.256
2,variant_A,12023,4.912,6.382,0.55,0.477,0.3
2,variant_B,12023,4.955,6.44,0.538,0.462,0.287
2,variant_C,12023,4.953,6.439,0.539,0.466,0.287
3,last1,11353,4.883,6.426,0.365,0.317,0.131
3,last3,11353,4.57,5.997,0.496,0.439,0.243
3,last5,11353,4.448,5.81,0.542,0.477,0.289
3,season_to_date,11353,4.395,5.746,0.555,0.503,0.305
3,career_to_date,11353,4.349,5.697,0.578,0.526,0.317
3,variant_A,11353,4.231,5.465,0.611,0.534,0.371
3,variant_B,11353,4.286,5.529,0.599,0.517,0.356
3,variant_C,11353,4.28,5.525,0.601,0.523,0.357
5,last1,10082,4.317,5.71,0.411,0.363,0.165
5,last3,10082,3.977,5.216,0.556,0.496,0.303
5,last5,10082,3.827,5.005,0.604,0.538,0.359
5,season_to_date,10082,3.765,4.946,0.615,0.566,0.374
5,career_to_date,10082,3.69,4.873,0.645,0.599,0.392
5,variant_A,10082,3.532,4.573,0.683,0.608,0.465
5,variant_B,10082,3.596,4.647,0.671,0.589,0.447
5,variant_C,10082,3.589,4.64,0.672,0.596,0.449
7,last1,8894,4.095,5.422,0.433,0.38,0.183
7,last3,8894,3.709,4.88,0.588,0.525,0.338
7,last5,8894,3.553,4.651,0.639,0.569,0.399
7,season_to_date,8894,3.488,4.605,0.646,0.6,0.41
7,career_to_date,8894,3.393,4.518,0.681,0.638,0.433
7,variant_A,8894,3.23,4.169,0.72,0.644,0.517
7,variant_B,8894,3.294,4.247,0.708,0.625,0.498
7,variant_C,8894,3.283,4.239,0.709,0.633,0.5
