opponent_scale,eval_split,n,MAE,RMSE,Pearson,Spearman,R2
0.0,validation,15939,4.151,5.385,0.574,0.495,0.326
0.0,test (POST-HOC ROBUSTNESS),11353,4.231,5.465,0.611,0.534,0.371
0.01,validation,15939,4.171,5.412,0.569,0.489,0.32
0.01,test (POST-HOC ROBUSTNESS),11353,4.233,5.466,0.611,0.533,0.371
0.02,validation,15939,4.206,5.456,0.559,0.479,0.308
0.02,test (POST-HOC ROBUSTNESS),11353,4.252,5.488,0.607,0.528,0.366
0.03,validation,15939,4.256,5.516,0.546,0.465,0.293
0.03,test (POST-HOC ROBUSTNESS),11353,4.286,5.529,0.599,0.517,0.356
0.04,validation,15939,4.317,5.59,0.53,0.45,0.274
0.04,test (POST-HOC ROBUSTNESS),11353,4.333,5.587,0.588,0.503,0.343
0.05,validation,15939,4.386,5.672,0.51,0.433,0.252
0.05,test (POST-HOC ROBUSTNESS),11353,4.389,5.659,0.573,0.486,0.326
