history_bucket,method,n,MAE,RMSE,Pearson,Spearman,R2
0-4,variant_A,1024,4.248,5.45,0.4,0.341,0.102
0-4,last5,1024,4.201,5.422,0.379,0.353,0.111
0-4,season_to_date,1024,4.291,5.594,0.374,0.347,0.053
5-9,variant_A,823,3.812,4.998,0.494,0.46,0.228
5-9,last5,823,3.779,4.935,0.498,0.472,0.247
5-9,season_to_date,823,3.841,5.018,0.481,0.457,0.222
10-14,variant_A,752,4.122,5.403,0.572,0.515,0.309
10-14,last5,752,4.159,5.522,0.54,0.508,0.278
10-14,season_to_date,752,4.225,5.491,0.536,0.505,0.286
15-29,variant_A,1787,3.909,4.999,0.571,0.536,0.315
15-29,last5,1787,4.183,5.364,0.476,0.443,0.211
15-29,season_to_date,1787,4.081,5.281,0.498,0.479,0.235
30+,variant_A,6967,4.372,5.638,0.647,0.574,0.409
30+,last5,6967,4.663,6.094,0.567,0.496,0.31
30+,season_to_date,6967,4.574,5.985,0.59,0.532,0.334
